symbol,code,exchange,name,fund_type,settlement,snapshot_date,source_data_date,source_update_time,last_price,spot_volume_lots,spot_amount,total_market_value,float_market_value,history_end_date
SH510010,510010,,,,,,,,,,,,,
SH510020,510020,,,,,,,,,,,,,
SH510030,510030,,,,,,,,,,,,,
SH510040,510040,,,,,,,,,,,,,
SH510050,510050,,,,,,,,,,,,,
SH510060,510060,,,,,,,,,,,,,
SH510090,510090,,,,,,,,,,,,,
SH510100,510100,,,,,,,,,,,,,
SH510130,510130,,,,,,,,,,,,,
SH510140,510140,,,,,,,,,,,,,
SH510150,510150,,,,,,,,,,,,,
SH510160,510160,,,,,,,,,,,,,
SH510170,510170,,,,,,,,,,,,,
SH510180,510180,,,,,,,,,,,,,
SH510190,510190,,,,,,,,,,,,,
SH510200,510200,,,,,,,,,,,,,
SH510210,510210,,,,,,,,,,,,,
SH510270,510270,,,,,,,,,,,,,
SH510290,510290,,,,,,,,,,,,,
SH510300,510300,,,,,,,,,,,,,
SH510310,510310,,,,,,,,,,,,,
SH510320,510320,,,,,,,,,,,,,
SH510330,510330,,,,,,,,,,,,,
SH510350,510350,,,,,,,,,,,,,
SH510360,510360,,,,,,,,,,,,,
SH510370,510370,,,,,,,,,,,,,
SH510380,510380,,,,,,,,,,,,,
SH510390,510390,,,,,,,,,,,,,
SH510410,510410,,,,,,,,,,,,,
SH510500,510500,,,,,,,,,,,,,
SH510510,510510,,,,,,,,,,,,,
SH510530,510530,,,,,,,,,,,,,
SH510550,510550,,,,,,,,,,,,,
SH510560,510560,,,,,,,,,,,,,
SH510570,510570,,,,,,,,,,,,,
SH510580,510580,,,,,,,,,,,,,
SH510590,510590,,,,,,,,,,,,,
SH510600,510600,,,,,,,,,,,,,
SH510630,510630,,,,,,,,,,,,,
SH510650,510650,,,,,,,,,,,,,
SH510660,510660,,,,,,,,,,,,,
SH510670,510670,,,,,,,,,,,,,
SH510680,510680,,,,,,,,,,,,,
SH510710,510710,,,,,,,,,,,,,
SH510720,510720,,,,,,,,,,,,,
SH510760,510760,,,,,,,,,,,,,
SH510770,510770,,,,,,,,,,,,,
SH510800,510800,,,,,,,,,,,,,
SH510810,510810,,,,,,,,,,,,,
SH510850,510850,,,,,,,,,,,,,
SH510880,510880,,,,,,,,,,,,,
SH510910,510910,,,,,,,,,,,,,
SH510950,510950,,,,,,,,,,,,,
SH510980,510980,,,,,,,,,,,,,
SH510990,510990,,,,,,,,,,,,,
SH512000,512000,,,,,,,,,,,,,
SH512010,512010,,,,,,,,,,,,,
SH512020,512020,,,,,,,,,,,,,
SH512030,512030,,,,,,,,,,,,,
SH512040,512040,,,,,,,,,,,,,
SH512050,512050,,,,,,,,,,,,,
SH512060,512060,,,,,,,,,,,,,
SH512070,512070,,,,,,,,,,,,,
SH512080,512080,,,,,,,,,,,,,
SH512090,512090,,,,,,,,,,,,,
SH512120,512120,,,,,,,,,,,,,
SH512130,512130,,,,,,,,,,,,,
SH512140,512140,,,,,,,,,,,,,
SH512150,512150,,,,,,,,,,,,,
SH512160,512160,,,,,,,,,,,,,
SH512170,512170,,,,,,,,,,,,,
SH512180,512180,,,,,,,,,,,,,
SH512190,512190,,,,,,,,,,,,,
SH512200,512200,,,,,,,,,,,,,
SH512220,512220,,,,,,,,,,,,,
SH512240,512240,,,,,,,,,,,,,
SH512250,512250,,,,,,,,,,,,,
SH512260,512260,,,,,,,,,,,,,
SH512290,512290,,,,,,,,,,,,,
SH512330,512330,,,,,,,,,,,,,
SH512360,512360,,,,,,,,,,,,,
SH512370,512370,,,,,,,,,,,,,
SH512380,512380,,,,,,,,,,,,,
SH512390,512390,,,,,,,,,,,,,
SH512400,512400,,,,,,,,,,,,,
SH512410,512410,,,,,,,,,,,,,
SH512420,512420,,,,,,,,,,,,,
SH512430,512430,,,,,,,,,,,,,
SH512450,512450,,,,,,,,,,,,,
SH512460,512460,,,,,,,,,,,,,
SH512480,512480,,,,,,,,,,,,,
SH512500,512500,,,,,,,,,,,,,
SH512510,512510,,,,,,,,,,,,,
SH512520,512520,,,,,,,,,,,,,
SH512530,512530,,,,,,,,,,,,,
SH512550,512550,,,,,,,,,,,,,
SH512560,512560,,,,,,,,,,,,,
SH512570,512570,,,,,,,,,,,,,
SH512580,512580,,,,,,,,,,,,,
SH512600,512600,,,,,,,,,,,,,
SH512620,512620,,,,,,,,,,,,,
SH512630,512630,,,,,,,,,,,,,
SH512640,512640,,,,,,,,,,,,,
SH512650,512650,,,,,,,,,,,,,
SH512660,512660,,,,,,,,,,,,,
SH512670,512670,,,,,,,,,,,,,
SH512680,512680,,,,,,,,,,,,,
SH512690,512690,,,,,,,,,,,,,
SH512700,512700,,,,,,,,,,,,,
SH512710,512710,,,,,,,,,,,,,
SH512720,512720,,,,,,,,,,,,,
SH512730,512730,,,,,,,,,,,,,
SH512750,512750,,,,,,,,,,,,,
SH512760,512760,,,,,,,,,,,,,
SH512770,512770,,,,,,,,,,,,,
SH512800,512800,,,,,,,,,,,,,
SH512810,512810,,,,,,,,,,,,,
SH512820,512820,,,,,,,,,,,,,
SH512870,512870,,,,,,,,,,,,,
SH512880,512880,,,,,,,,,,,,,
SH512890,512890,,,,,,,,,,,,,
SH512900,512900,,,,,,,,,,,,,
SH512910,512910,,,,,,,,,,,,,
SH512940,512940,,,,,,,,,,,,,
SH512950,512950,,,,,,,,,,,,,
SH512960,512960,,,,,,,,,,,,,
SH512970,512970,,,,,,,,,,,,,
SH512980,512980,,,,,,,,,,,,,
SH512990,512990,,,,,,,,,,,,,
SH513020,513020,,,,,,,,,,,,,
SH513040,513040,,,,,,,,,,,,,
SH513070,513070,,,,,,,,,,,,,
SH513090,513090,,,,,,,,,,,,,
SH513150,513150,,,,,,,,,,,,,
SH513160,513160,,,,,,,,,,,,,
SH513190,513190,,,,,,,,,,,,,
SH513200,513200,,,,,,,,,,,,,
SH513230,513230,,,,,,,,,,,,,
SH513240,513240,,,,,,,,,,,,,
SH513320,513320,,,,,,,,,,,,,
SH513550,513550,,,,,,,,,,,,,
SH513560,513560,,,,,,,,,,,,,
SH513590,513590,,,,,,,,,,,,,
SH513600,513600,,,,,,,,,,,,,
SH513620,513620,,,,,,,,,,,,,
SH513630,513630,,,,,,,,,,,,,
SH513660,513660,,,,,,,,,,,,,
SH513690,513690,,,,,,,,,,,,,
SH513700,513700,,,,,,,,,,,,,
SH513720,513720,,,,,,,,,,,,,
SH513750,513750,,,,,,,,,,,,,
SH513770,513770,,,,,,,,,,,,,
SH513780,513780,,,,,,,,,,,,,
SH513820,513820,,,,,,,,,,,,,
SH513830,513830,,,,,,,,,,,,,
SH513860,513860,,,,,,,,,,,,,
SH513900,513900,,,,,,,,,,,,,
SH513910,513910,,,,,,,,,,,,,
SH513920,513920,,,,,,,,,,,,,
SH513930,513930,,,,,,,,,,,,,
SH513980,513980,,,,,,,,,,,,,
SH513990,513990,,,,,,,,,,,,,
SH515000,515000,,,,,,,,,,,,,
SH515010,515010,,,,,,,,,,,,,
SH515020,515020,,,,,,,,,,,,,
SH515030,515030,,,,,,,,,,,,,
SH515040,515040,,,,,,,,,,,,,
SH515050,515050,,,,,,,,,,,,,
SH515060,515060,,,,,,,,,,,,,
SH515070,515070,,,,,,,,,,,,,
SH515080,515080,,,,,,,,,,,,,
SH515090,515090,,,,,,,,,,,,,
SH515100,515100,,,,,,,,,,,,,
SH515110,515110,,,,,,,,,,,,,
SH515120,515120,,,,,,,,,,,,,
SH515130,515130,,,,,,,,,,,,,
SH515150,515150,,,,,,,,,,,,,
SH515160,515160,,,,,,,,,,,,,
SH515170,515170,,,,,,,,,,,,,
SH515180,515180,,,,,,,,,,,,,
SH515190,515190,,,,,,,,,,,,,
SH515200,515200,,,,,,,,,,,,,
SH515210,515210,,,,,,,,,,,,,
SH515220,515220,,,,,,,,,,,,,
SH515230,515230,,,,,,,,,,,,,
SH515250,515250,,,,,,,,,,,,,
SH515260,515260,,,,,,,,,,,,,
SH515290,515290,,,,,,,,,,,,,
SH515300,515300,,,,,,,,,,,,,
SH515310,515310,,,,,,,,,,,,,
SH515320,515320,,,,,,,,,,,,,
SH515330,515330,,,,,,,,,,,,,
SH515350,515350,,,,,,,,,,,,,
SH515360,515360,,,,,,,,,,,,,
SH515370,515370,,,,,,,,,,,,,
SH515380,515380,,,,,,,,,,,,,
SH515390,515390,,,,,,,,,,,,,
SH515400,515400,,,,,,,,,,,,,
SH515450,515450,,,,,,,,,,,,,
SH515460,515460,,,,,,,,,,,,,
SH515480,515480,,,,,,,,,,,,,
SH515530,515530,,,,,,,,,,,,,
SH515550,515550,,,,,,,,,,,,,
SH515560,515560,,,,,,,,,,,,,
SH515580,515580,,,,,,,,,,,,,
SH515590,515590,,,,,,,,,,,,,
SH515600,515600,,,,,,,,,,,,,
SH515630,515630,,,,,,,,,,,,,
SH515640,515640,,,,,,,,,,,,,
SH515650,515650,,,,,,,,,,,,,
SH515660,515660,,,,,,,,,,,,,
SH515680,515680,,,,,,,,,,,,,
SH515700,515700,,,,,,,,,,,,,
SH515710,515710,,,,,,,,,,,,,
SH515720,515720,,,,,,,,,,,,,
SH515730,515730,,,,,,,,,,,,,
SH515750,515750,,,,,,,,,,,,,
SH515760,515760,,,,,,,,,,,,,
SH515770,515770,,,,,,,,,,,,,
SH515790,515790,,,,,,,,,,,,,
SH515800,515800,,,,,,,,,,,,,
SH515810,515810,,,,,,,,,,,,,
SH515840,515840,,,,,,,,,,,,,
SH515850,515850,,,,,,,,,,,,,
SH515860,515860,,,,,,,,,,,,,
SH515880,515880,,,,,,,,,,,,,
SH515890,515890,,,,,,,,,,,,,
SH515900,515900,,,,,,,,,,,,,
SH515910,515910,,,,,,,,,,,,,
SH515920,515920,,,,,,,,,,,,,
SH515950,515950,,,,,,,,,,,,,
SH515960,515960,,,,,,,,,,,,,
SH515970,515970,,,,,,,,,,,,,
SH515980,515980,,,,,,,,,,,,,
SH515990,515990,,,,,,,,,,,,,
SH516000,516000,,,,,,,,,,,,,
SH516010,516010,,,,,,,,,,,,,
SH516020,516020,,,,,,,,,,,,,
SH516050,516050,,,,,,,,,,,,,
SH516060,516060,,,,,,,,,,,,,
SH516070,516070,,,,,,,,,,,,,
SH516080,516080,,,,,,,,,,,,,
SH516090,516090,,,,,,,,,,,,,
SH516100,516100,,,,,,,,,,,,,
SH516110,516110,,,,,,,,,,,,,
SH516120,516120,,,,,,,,,,,,,
SH516130,516130,,,,,,,,,,,,,
SH516150,516150,,,,,,,,,,,,,
SH516160,516160,,,,,,,,,,,,,
SH516180,516180,,,,,,,,,,,,,
SH516190,516190,,,,,,,,,,,,,
SH516200,516200,,,,,,,,,,,,,
SH516210,516210,,,,,,,,,,,,,
SH516220,516220,,,,,,,,,,,,,
SH516230,516230,,,,,,,,,,,,,
SH516250,516250,,,,,,,,,,,,,
SH516260,516260,,,,,,,,,,,,,
SH516270,516270,,,,,,,,,,,,,
SH516290,516290,,,,,,,,,,,,,
SH516300,516300,,,,,,,,,,,,,
SH516310,516310,,,,,,,,,,,,,
SH516320,516320,,,,,,,,,,,,,
SH516330,516330,,,,,,,,,,,,,
SH516350,516350,,,,,,,,,,,,,
SH516360,516360,,,,,,,,,,,,,
SH516370,516370,,,,,,,,,,,,,
SH516380,516380,,,,,,,,,,,,,
SH516390,516390,,,,,,,,,,,,,
SH516440,516440,,,,,,,,,,,,,
SH516460,516460,,,,,,,,,,,,,
SH516500,516500,,,,,,,,,,,,,
SH516510,516510,,,,,,,,,,,,,
SH516520,516520,,,,,,,,,,,,,
SH516530,516530,,,,,,,,,,,,,
SH516550,516550,,,,,,,,,,,,,
SH516560,516560,,,,,,,,,,,,,
SH516570,516570,,,,,,,,,,,,,
SH516580,516580,,,,,,,,,,,,,
SH516590,516590,,,,,,,,,,,,,
SH516600,516600,,,,,,,,,,,,,
SH516610,516610,,,,,,,,,,,,,
SH516620,516620,,,,,,,,,,,,,
SH516630,516630,,,,,,,,,,,,,
SH516640,516640,,,,,,,,,,,,,
SH516650,516650,,,,,,,,,,,,,
SH516660,516660,,,,,,,,,,,,,
SH516670,516670,,,,,,,,,,,,,
SH516700,516700,,,,,,,,,,,,,
SH516710,516710,,,,,,,,,,,,,
SH516720,516720,,,,,,,,,,,,,
SH516730,516730,,,,,,,,,,,,,
SH516750,516750,,,,,,,,,,,,,
SH516760,516760,,,,,,,,,,,,,
SH516770,516770,,,,,,,,,,,,,
SH516780,516780,,,,,,,,,,,,,
SH516790,516790,,,,,,,,,,,,,
SH516800,516800,,,,,,,,,,,,,
SH516810,516810,,,,,,,,,,,,,
SH516820,516820,,,,,,,,,,,,,
SH516830,516830,,,,,,,,,,,,,
SH516840,516840,,,,,,,,,,,,,
SH516850,516850,,,,,,,,,,,,,
SH516860,516860,,,,,,,,,,,,,
SH516880,516880,,,,,,,,,,,,,
SH516890,516890,,,,,,,,,,,,,
SH516900,516900,,,,,,,,,,,,,
SH516910,516910,,,,,,,,,,,,,
SH516920,516920,,,,,,,,,,,,,
SH516930,516930,,,,,,,,,,,,,
SH516950,516950,,,,,,,,,,,,,
SH516960,516960,,,,,,,,,,,,,
SH516970,516970,,,,,,,,,,,,,
SH516980,516980,,,,,,,,,,,,,
SH517000,517000,,,,,,,,,,,,,
SH517010,517010,,,,,,,,,,,,,
SH517030,517030,,,,,,,,,,,,,
SH517050,517050,,,,,,,,,,,,,
SH517080,517080,,,,,,,,,,,,,
SH517090,517090,,,,,,,,,,,,,
SH517100,517100,,,,,,,,,,,,,
SH517110,517110,,,,,,,,,,,,,
SH517120,517120,,,,,,,,,,,,,
SH517130,517130,,,,,,,,,,,,,
SH517160,517160,,,,,,,,,,,,,
SH517170,517170,,,,,,,,,,,,,
SH517180,517180,,,,,,,,,,,,,
SH517200,517200,,,,,,,,,,,,,
SH517300,517300,,,,,,,,,,,,,
SH517330,517330,,,,,,,,,,,,,
SH517350,517350,,,,,,,,,,,,,
SH517360,517360,,,,,,,,,,,,,
SH517380,517380,,,,,,,,,,,,,
SH517390,517390,,,,,,,,,,,,,
SH517400,517400,,,,,,,,,,,,,
SH517520,517520,,,,,,,,,,,,,
SH517550,517550,,,,,,,,,,,,,
SH517660,517660,,,,,,,,,,,,,
SH517770,517770,,,,,,,,,,,,,
SH517800,517800,,,,,,,,,,,,,
SH517850,517850,,,,,,,,,,,,,
SH517880,517880,,,,,,,,,,,,,
SH517900,517900,,,,,,,,,,,,,
SH517950,517950,,,,,,,,,,,,,
SH517990,517990,,,,,,,,,,,,,
SH520510,520510,,,,,,,,,,,,,
SH520530,520530,,,,,,,,,,,,,
SH520550,520550,,,,,,,,,,,,,
SH520560,520560,,,,,,,,,,,,,
SH520600,520600,,,,,,,,,,,,,
SH520610,520610,,,,,,,,,,,,,
SH520620,520620,,,,,,,,,,,,,
SH520630,520630,,,,,,,,,,,,,
SH520650,520650,,,,,,,,,,,,,
SH520660,520660,,,,,,,,,,,,,
SH520670,520670,,,,,,,,,,,,,
SH520680,520680,,,,,,,,,,,,,
SH520690,520690,,,,,,,,,,,,,
SH520700,520700,,,,,,,,,,,,,
SH520710,520710,,,,,,,,,,,,,
SH520720,520720,,,,,,,,,,,,,
SH520730,520730,,,,,,,,,,,,,
SH520740,520740,,,,,,,,,,,,,
SH520750,520750,,,,,,,,,,,,,
SH520760,520760,,,,,,,,,,,,,
SH520770,520770,,,,,,,,,,,,,
SH520780,520780,,,,,,,,,,,,,
SH520790,520790,,,,,,,,,,,,,
SH520810,520810,,,,,,,,,,,,,
SH520820,520820,,,,,,,,,,,,,
SH520840,520840,,,,,,,,,,,,,
SH520850,520850,,,,,,,,,,,,,
SH520860,520860,,,,,,,,,,,,,
SH520880,520880,,,,,,,,,,,,,
SH520890,520890,,,,,,,,,,,,,
SH520900,520900,,,,,,,,,,,,,
SH520910,520910,,,,,,,,,,,,,
SH520930,520930,,,,,,,,,,,,,
SH520940,520940,,,,,,,,,,,,,
SH520950,520950,,,,,,,,,,,,,
SH520960,520960,,,,,,,,,,,,,
SH520970,520970,,,,,,,,,,,,,
SH520980,520980,,,,,,,,,,,,,
SH520990,520990,,,,,,,,,,,,,
SH526000,526000,,,,,,,,,,,,,
SH526010,526010,,,,,,,,,,,,,
SH526030,526030,,,,,,,,,,,,,
SH526050,526050,,,,,,,,,,,,,
SH526070,526070,,,,,,,,,,,,,
SH530000,530000,,,,,,,,,,,,,
SH530050,530050,,,,,,,,,,,,,
SH530060,530060,,,,,,,,,,,,,
SH530080,530080,,,,,,,,,,,,,
SH530100,530100,,,,,,,,,,,,,
SH530180,530180,,,,,,,,,,,,,
SH530280,530280,,,,,,,,,,,,,
SH530300,530300,,,,,,,,,,,,,
SH530380,530380,,,,,,,,,,,,,
SH530530,530530,,,,,,,,,,,,,
SH530580,530580,,,,,,,,,,,,,
SH530680,530680,,,,,,,,,,,,,
SH530800,530800,,,,,,,,,,,,,
SH530880,530880,,,,,,,,,,,,,
SH560010,560010,,,,,,,,,,,,,
SH560020,560020,,,,,,,,,,,,,
SH560030,560030,,,,,,,,,,,,,
SH560050,560050,,,,,,,,,,,,,
SH560060,560060,,,,,,,,,,,,,
SH560070,560070,,,,,,,,,,,,,
SH560080,560080,,,,,,,,,,,,,
SH560090,560090,,,,,,,,,,,,,
SH560100,560100,,,,,,,,,,,,,
SH560110,560110,,,,,,,,,,,,,
SH560120,560120,,,,,,,,,,,,,
SH560130,560130,,,,,,,,,,,,,
SH560150,560150,,,,,,,,,,,,,
SH560160,560160,,,,,,,,,,,,,
SH560170,560170,,,,,,,,,,,,,
SH560180,560180,,,,,,,,,,,,,
SH560190,560190,,,,,,,,,,,,,
SH560210,560210,,,,,,,,,,,,,
SH560220,560220,,,,,,,,,,,,,
SH560230,560230,,,,,,,,,,,,,
SH560250,560250,,,,,,,,,,,,,
SH560260,560260,,,,,,,,,,,,,
SH560270,560270,,,,,,,,,,,,,
SH560280,560280,,,,,,,,,,,,,
SH560290,560290,,,,,,,,,,,,,
SH560300,560300,,,,,,,,,,,,,
SH560310,560310,,,,,,,,,,,,,
SH560320,560320,,,,,,,,,,,,,
SH560330,560330,,,,,,,,,,,,,
SH560350,560350,,,,,,,,,,,,,
SH560360,560360,,,,,,,,,,,,,
SH560370,560370,,,,,,,,,,,,,
SH560380,560380,,,,,,,,,,,,,
SH560390,560390,,,,,,,,,,,,,
SH560400,560400,,,,,,,,,,,,,
SH560410,560410,,,,,,,,,,,,,
SH560420,560420,,,,,,,,,,,,,
SH560450,560450,,,,,,,,,,,,,
SH560460,560460,,,,,,,,,,,,,
SH560470,560470,,,,,,,,,,,,,
SH560480,560480,,,,,,,,,,,,,
SH560490,560490,,,,,,,,,,,,,
SH560500,560500,,,,,,,,,,,,,
SH560510,560510,,,,,,,,,,,,,
SH560520,560520,,,,,,,,,,,,,
SH560530,560530,,,,,,,,,,,,,
SH560550,560550,,,,,,,,,,,,,
SH560560,560560,,,,,,,,,,,,,
SH560570,560570,,,,,,,,,,,,,
SH560580,560580,,,,,,,,,,,,,
SH560590,560590,,,,,,,,,,,,,
SH560610,560610,,,,,,,,,,,,,
SH560620,560620,,,,,,,,,,,,,
SH560630,560630,,,,,,,,,,,,,
SH560660,560660,,,,,,,,,,,,,
SH560670,560670,,,,,,,,,,,,,
SH560680,560680,,,,,,,,,,,,,
SH560690,560690,,,,,,,,,,,,,
SH560700,560700,,,,,,,,,,,,,
SH560710,560710,,,,,,,,,,,,,
SH560720,560720,,,,,,,,,,,,,
SH560730,560730,,,,,,,,,,,,,
SH560750,560750,,,,,,,,,,,,,
SH560770,560770,,,,,,,,,,,,,
SH560780,560780,,,,,,,,,,,,,
SH560790,560790,,,,,,,,,,,,,
SH560800,560800,,,,,,,,,,,,,
SH560810,560810,,,,,,,,,,,,,
SH560820,560820,SH,中证A50ETF新华,指数型-股票,T+1,2026-08-13,20260813.0,2026-08-13T16:11:40+08:00,1.226,655.0,80525.0,50175276.0,50175276.0,2026-08-11
SH560830,560830,,,,,,,,,,,,,
SH560850,560850,,,,,,,,,,,,,
SH560860,560860,,,,,,,,,,,,,
SH560870,560870,,,,,,,,,,,,,
SH560880,560880,,,,,,,,,,,,,
SH560900,560900,,,,,,,,,,,,,
SH560910,560910,,,,,,,,,,,,,
SH560920,560920,,,,,,,,,,,,,
SH560930,560930,,,,,,,,,,,,,
SH560950,560950,,,,,,,,,,,,,
SH560970,560970,,,,,,,,,,,,,
SH560980,560980,,,,,,,,,,,,,
SH560990,560990,,,,,,,,,,,,,
SH561000,561000,,,,,,,,,,,,,
SH561010,561010,,,,,,,,,,,,,
SH561020,561020,,,,,,,,,,,,,
SH561030,561030,,,,,,,,,,,,,
SH561050,561050,,,,,,,,,,,,,
SH561060,561060,,,,,,,,,,,,,
SH561080,561080,,,,,,,,,,,,,
SH561090,561090,,,,,,,,,,,,,
SH561100,561100,,,,,,,,,,,,,
SH561120,561120,,,,,,,,,,,,,
SH561130,561130,,,,,,,,,,,,,
SH561160,561160,,,,,,,,,,,,,
SH561170,561170,,,,,,,,,,,,,
SH561180,561180,,,,,,,,,,,,,
SH561190,561190,,,,,,,,,,,,,
SH561200,561200,,,,,,,,,,,,,
SH561220,561220,,,,,,,,,,,,,
SH561230,561230,,,,,,,,,,,,,
SH561250,561250,,,,,,,,,,,,,
SH561260,561260,,,,,,,,,,,,,
SH561280,561280,,,,,,,,,,,,,
SH561300,561300,,,,,,,,,,,,,
SH561310,561310,,,,,,,,,,,,,
SH561320,561320,,,,,,,,,,,,,
SH561330,561330,,,,,,,,,,,,,
SH561350,561350,,,,,,,,,,,,,
SH561360,561360,,,,,,,,,,,,,
SH561370,561370,,,,,,,,,,,,,
SH561380,561380,,,,,,,,,,,,,
SH561400,561400,,,,,,,,,,,,,
SH561420,561420,,,,,,,,,,,,,
SH561430,561430,,,,,,,,,,,,,
SH561450,561450,,,,,,,,,,,,,
SH561460,561460,,,,,,,,,,,,,
SH561470,561470,,,,,,,,,,,,,
SH561490,561490,,,,,,,,,,,,,
SH561500,561500,,,,,,,,,,,,,
SH561510,561510,,,,,,,,,,,,,
SH561550,561550,,,,,,,,,,,,,
SH561560,561560,,,,,,,,,,,,,
SH561570,561570,,,,,,,,,,,,,
SH561580,561580,,,,,,,,,,,,,
SH561590,561590,,,,,,,,,,,,,
SH561600,561600,,,,,,,,,,,,,
SH561620,561620,,,,,,,,,,,,,
SH561630,561630,,,,,,,,,,,,,
SH561660,561660,,,,,,,,,,,,,
SH561680,561680,,,,,,,,,,,,,
SH561700,561700,,,,,,,,,,,,,
SH561750,561750,,,,,,,,,,,,,
SH561760,561760,,,,,,,,,,,,,
SH561770,561770,,,,,,,,,,,,,
SH561780,561780,,,,,,,,,,,,,
SH561790,561790,,,,,,,,,,,,,
SH561800,561800,,,,,,,,,,,,,
SH561810,561810,,,,,,,,,,,,,
SH561870,561870,,,,,,,,,,,,,
SH561880,561880,,,,,,,,,,,,,
SH561890,561890,,,,,,,,,,,,,
SH561900,561900,,,,,,,,,,,,,
SH561910,561910,,,,,,,,,,,,,
SH561920,561920,,,,,,,,,,,,,
SH561930,561930,,,,,,,,,,,,,
SH561950,561950,,,,,,,,,,,,,
SH561960,561960,,,,,,,,,,,,,
SH561980,561980,,,,,,,,,,,,,
SH561990,561990,,,,,,,,,,,,,
SH562000,562000,,,,,,,,,,,,,
SH562010,562010,,,,,,,,,,,,,
SH562030,562030,,,,,,,,,,,,,
SH562050,562050,,,,,,,,,,,,,
SH562060,562060,,,,,,,,,,,,,
SH562070,562070,,,,,,,,,,,,,
SH562080,562080,,,,,,,,,,,,,
SH562300,562300,,,,,,,,,,,,,
SH562310,562310,,,,,,,,,,,,,
SH562320,562320,,,,,,,,,,,,,
SH562330,562330,,,,,,,,,,,,,
SH562340,562340,,,,,,,,,,,,,
SH562350,562350,,,,,,,,,,,,,
SH562360,562360,,,,,,,,,,,,,
SH562380,562380,,,,,,,,,,,,,
SH562390,562390,,,,,,,,,,,,,
SH562500,562500,,,,,,,,,,,,,
SH562510,562510,,,,,,,,,,,,,
SH562520,562520,,,,,,,,,,,,,
SH562530,562530,,,,,,,,,,,,,
SH562550,562550,,,,,,,,,,,,,
SH562560,562560,,,,,,,,,,,,,
SH562570,562570,,,,,,,,,,,,,
SH562580,562580,,,,,,,,,,,,,
SH562590,562590,,,,,,,,,,,,,
SH562600,562600,,,,,,,,,,,,,
SH562660,562660,,,,,,,,,,,,,
SH562700,562700,,,,,,,,,,,,,
SH562800,562800,,,,,,,,,,,,,
SH562810,562810,,,,,,,,,,,,,
SH562820,562820,,,,,,,,,,,,,
SH562850,562850,,,,,,,,,,,,,
SH562860,562860,,,,,,,,,,,,,
SH562870,562870,,,,,,,,,,,,,
SH562880,562880,,,,,,,,,,,,,
SH562890,562890,,,,,,,,,,,,,
SH562900,562900,,,,,,,,,,,,,
SH562910,562910,,,,,,,,,,,,,
SH562920,562920,,,,,,,,,,,,,
SH562930,562930,,,,,,,,,,,,,
SH562950,562950,,,,,,,,,,,,,
SH562960,562960,,,,,,,,,,,,,
SH562970,562970,,,,,,,,,,,,,
SH562990,562990,,,,,,,,,,,,,
SH563000,563000,,,,,,,,,,,,,
SH563010,563010,,,,,,,,,,,,,
SH563020,563020,,,,,,,,,,,,,
SH563030,563030,,,,,,,,,,,,,
SH563050,563050,,,,,,,,,,,,,
SH563060,563060,,,,,,,,,,,,,
SH563080,563080,,,,,,,,,,,,,
SH563090,563090,,,,,,,,,,,,,
SH563150,563150,,,,,,,,,,,,,
SH563180,563180,,,,,,,,,,,,,
SH563200,563200,,,,,,,,,,,,,
SH563210,563210,,,,,,,,,,,,,
SH563220,563220,,,,,,,,,,,,,
SH563230,563230,,,,,,,,,,,,,
SH563280,563280,,,,,,,,,,,,,
SH563300,563300,,,,,,,,,,,,,
SH563320,563320,,,,,,,,,,,,,
SH563330,563330,,,,,,,,,,,,,
SH563350,563350,,,,,,,,,,,,,
SH563360,563360,,,,,,,,,,,,,
SH563380,563380,,,,,,,,,,,,,
SH563390,563390,,,,,,,,,,,,,
SH563500,563500,,,,,,,,,,,,,
SH563510,563510,,,,,,,,,,,,,
SH563520,563520,,,,,,,,,,,,,
SH563530,563530,,,,,,,,,,,,,
SH563550,563550,,,,,,,,,,,,,
SH563560,563560,,,,,,,,,,,,,
SH563570,563570,,,,,,,,,,,,,
SH563580,563580,,,,,,,,,,,,,
SH563590,563590,,,,,,,,,,,,,
SH563600,563600,,,,,,,,,,,,,
SH563620,563620,,,,,,,,,,,,,
SH563630,563630,,,,,,,,,,,,,
SH563650,563650,,,,,,,,,,,,,
SH563660,563660,,,,,,,,,,,,,
SH563670,563670,,,,,,,,,,,,,
SH563680,563680,,,,,,,,,,,,,
SH563690,563690,,,,,,,,,,,,,
SH563700,563700,,,,,,,,,,,,,
SH563750,563750,,,,,,,,,,,,,
SH563760,563760,,,,,,,,,,,,,
SH563770,563770,,,,,,,,,,,,,
SH563780,563780,,,,,,,,,,,,,
SH563790,563790,,,,,,,,,,,,,
SH563800,563800,,,,,,,,,,,,,
SH563830,563830,,,,,,,,,,,,,
SH563850,563850,,,,,,,,,,,,,
SH563860,563860,,,,,,,,,,,,,
SH563870,563870,,,,,,,,,,,,,
SH563880,563880,,,,,,,,,,,,,
SH563890,563890,,,,,,,,,,,,,
SH563900,563900,,,,,,,,,,,,,
SH563930,563930,,,,,,,,,,,,,
SH563960,563960,,,,,,,,,,,,,
SH563980,563980,,,,,,,,,,,,,
SH563990,563990,,,,,,,,,,,,,
SH588000,588000,,,,,,,,,,,,,
SH588010,588010,,,,,,,,,,,,,
SH588020,588020,,,,,,,,,,,,,
SH588030,588030,,,,,,,,,,,,,
SH588040,588040,,,,,,,,,,,,,
SH588050,588050,,,,,,,,,,,,,
SH588060,588060,,,,,,,,,,,,,
SH588070,588070,,,,,,,,,,,,,
SH588080,588080,,,,,,,,,,,,,
SH588090,588090,,,,,,,,,,,,,
SH588100,588100,,,,,,,,,,,,,
SH588110,588110,,,,,,,,,,,,,
SH588120,588120,,,,,,,,,,,,,
SH588130,588130,,,,,,,,,,,,,
SH588140,588140,,,,,,,,,,,,,
SH588150,588150,,,,,,,,,,,,,
SH588160,588160,,,,,,,,,,,,,
SH588170,588170,,,,,,,,,,,,,
SH588180,588180,,,,,,,,,,,,,
SH588190,588190,,,,,,,,,,,,,
SH588200,588200,,,,,,,,,,,,,
SH588210,588210,,,,,,,,,,,,,
SH588220,588220,,,,,,,,,,,,,
SH588230,588230,,,,,,,,,,,,,
SH588240,588240,,,,,,,,,,,,,
SH588250,588250,,,,,,,,,,,,,
SH588260,588260,,,,,,,,,,,,,
SH588270,588270,,,,,,,,,,,,,
SH588280,588280,,,,,,,,,,,,,
SH588290,588290,,,,,,,,,,,,,
SH588300,588300,,,,,,,,,,,,,
SH588310,588310,,,,,,,,,,,,,
SH588320,588320,,,,,,,,,,,,,
SH588330,588330,,,,,,,,,,,,,
SH588350,588350,,,,,,,,,,,,,
SH588360,588360,,,,,,,,,,,,,
SH588370,588370,,,,,,,,,,,,,
SH588380,588380,,,,,,,,,,,,,
SH588390,588390,,,,,,,,,,,,,
SH588400,588400,,,,,,,,,,,,,
SH588410,588410,,,,,,,,,,,,,
SH588420,588420,,,,,,,,,,,,,
SH588430,588430,,,,,,,,,,,,,
SH588450,588450,,,,,,,,,,,,,
SH588460,588460,,,,,,,,,,,,,
SH588470,588470,,,,,,,,,,,,,
SH588480,588480,,,,,,,,,,,,,
SH588500,588500,,,,,,,,,,,,,
SH588510,588510,,,,,,,,,,,,,
SH588520,588520,,,,,,,,,,,,,
SH588530,588530,,,,,,,,,,,,,
SH588550,588550,,,,,,,,,,,,,
SH588660,588660,,,,,,,,,,,,,
SH588670,588670,,,,,,,,,,,,,
SH588680,588680,,,,,,,,,,,,,
SH588690,588690,,,,,,,,,,,,,
SH588700,588700,,,,,,,,,,,,,
SH588710,588710,,,,,,,,,,,,,
SH588720,588720,,,,,,,,,,,,,
SH588730,588730,,,,,,,,,,,,,
SH588750,588750,,,,,,,,,,,,,
SH588760,588760,,,,,,,,,,,,,
SH588770,588770,,,,,,,,,,,,,
SH588780,588780,,,,,,,,,,,,,
SH588790,588790,,,,,,,,,,,,,
SH588800,588800,,,,,,,,,,,,,
SH588810,588810,,,,,,,,,,,,,
SH588820,588820,,,,,,,,,,,,,
SH588830,588830,,,,,,,,,,,,,
SH588840,588840,,,,,,,,,,,,,
SH588850,588850,,,,,,,,,,,,,
SH588860,588860,,,,,,,,,,,,,
SH588870,588870,,,,,,,,,,,,,
SH588880,588880,,,,,,,,,,,,,
SH588890,588890,,,,,,,,,,,,,
SH588900,588900,,,,,,,,,,,,,
SH588910,588910,,,,,,,,,,,,,
SH588920,588920,,,,,,,,,,,,,
SH588930,588930,,,,,,,,,,,,,
SH588940,588940,,,,,,,,,,,,,
SH588950,588950,,,,,,,,,,,,,
SH588960,588960,,,,,,,,,,,,,
SH588980,588980,,,,,,,,,,,,,
SH588990,588990,,,,,,,,,,,,,
SH589000,589000,,,,,,,,,,,,,
SH589010,589010,,,,,,,,,,,,,
SH589020,589020,,,,,,,,,,,,,
SH589030,589030,,,,,,,,,,,,,
SH589050,589050,,,,,,,,,,,,,
SH589060,589060,,,,,,,,,,,,,
SH589070,589070,,,,,,,,,,,,,
SH589080,589080,,,,,,,,,,,,,
SH589090,589090,,,,,,,,,,,,,
SH589100,589100,,,,,,,,,,,,,
SH589110,589110,,,,,,,,,,,,,
SH589120,589120,,,,,,,,,,,,,
SH589130,589130,,,,,,,,,,,,,
SH589150,589150,,,,,,,,,,,,,
SH589160,589160,,,,,,,,,,,,,
SH589170,589170,,,,,,,,,,,,,
SH589180,589180,,,,,,,,,,,,,
SH589190,589190,,,,,,,,,,,,,
SH589200,589200,,,,,,,,,,,,,
SH589210,589210,,,,,,,,,,,,,
SH589220,589220,,,,,,,,,,,,,
SH589230,589230,,,,,,,,,,,,,
SH589250,589250,,,,,,,,,,,,,
SH589260,589260,,,,,,,,,,,,,
SH589270,589270,,,,,,,,,,,,,
SH589280,589280,,,,,,,,,,,,,
SH589290,589290,,,,,,,,,,,,,
SH589300,589300,,,,,,,,,,,,,
SH589310,589310,,,,,,,,,,,,,
SH589320,589320,,,,,,,,,,,,,
SH589330,589330,,,,,,,,,,,,,
SH589350,589350,,,,,,,,,,,,,
SH589360,589360,,,,,,,,,,,,,
SH589380,589380,,,,,,,,,,,,,
SH589390,589390,,,,,,,,,,,,,
SH589400,589400,,,,,,,,,,,,,
SH589410,589410,,,,,,,,,,,,,
SH589420,589420,,,,,,,,,,,,,
SH589500,589500,,,,,,,,,,,,,
SH589520,589520,,,,,,,,,,,,,
SH589550,589550,,,,,,,,,,,,,
SH589560,589560,,,,,,,,,,,,,
SH589580,589580,,,,,,,,,,,,,
SH589600,589600,,,,,,,,,,,,,
SH589630,589630,,,,,,,,,,,,,
SH589660,589660,,,,,,,,,,,,,
SH589680,589680,,,,,,,,,,,,,
SH589700,589700,,,,,,,,,,,,,
SH589720,589720,,,,,,,,,,,,,
SH589770,589770,,,,,,,,,,,,,
SH589780,589780,,,,,,,,,,,,,
SH589800,589800,,,,,,,,,,,,,
SH589820,589820,,,,,,,,,,,,,
SH589850,589850,,,,,,,,,,,,,
SH589860,589860,,,,,,,,,,,,,
SH589880,589880,,,,,,,,,,,,,
SH589890,589890,,,,,,,,,,,,,
SH589900,589900,,,,,,,,,,,,,
SH589950,589950,,,,,,,,,,,,,
SH589960,589960,,,,,,,,,,,,,
SH589980,589980,,,,,,,,,,,,,
SH589990,589990,,,,,,,,,,,,,
SZ158006,158006,,,,,,,,,,,,,
SZ158009,158009,,,,,,,,,,,,,
SZ159007,159007,,,,,,,,,,,,,
SZ159008,159008,,,,,,,,,,,,,
SZ159009,159009,,,,,,,,,,,,,
SZ159010,159010,,,,,,,,,,,,,
SZ159011,159011,,,,,,,,,,,,,
SZ159012,159012,,,,,,,,,,,,,
SZ159013,159013,,,,,,,,,,,,,
SZ159015,159015,,,,,,,,,,,,,
SZ159016,159016,,,,,,,,,,,,,
SZ159017,159017,,,,,,,,,,,,,
SZ159018,159018,,,,,,,,,,,,,
SZ159019,159019,,,,,,,,,,,,,
SZ159020,159020,,,,,,,,,,,,,
SZ159021,159021,,,,,,,,,,,,,
SZ159022,159022,,,,,,,,,,,,,
SZ159023,159023,,,,,,,,,,,,,
SZ159026,159026,,,,,,,,,,,,,
SZ159027,159027,,,,,,,,,,,,,
SZ159028,159028,,,,,,,,,,,,,
SZ159029,159029,,,,,,,,,,,,,
SZ159030,159030,,,,,,,,,,,,,
SZ159031,159031,,,,,,,,,,,,,
SZ159032,159032,,,,,,,,,,,,,
SZ159033,159033,,,,,,,,,,,,,
SZ159035,159035,,,,,,,,,,,,,
SZ159036,159036,,,,,,,,,,,,,
SZ159037,159037,,,,,,,,,,,,,
SZ159038,159038,,,,,,,,,,,,,
SZ159039,159039,,,,,,,,,,,,,
SZ159040,159040,,,,,,,,,,,,,
SZ159041,159041,,,,,,,,,,,,,
SZ159042,159042,,,,,,,,,,,,,
SZ159045,159045,,,,,,,,,,,,,
SZ159046,159046,,,,,,,,,,,,,
SZ159048,159048,,,,,,,,,,,,,
SZ159049,159049,,,,,,,,,,,,,
SZ159050,159050,,,,,,,,,,,,,
SZ159051,159051,,,,,,,,,,,,,
SZ159052,159052,,,,,,,,,,,,,
SZ159053,159053,,,,,,,,,,,,,
SZ159055,159055,,,,,,,,,,,,,
SZ159056,159056,,,,,,,,,,,,,
SZ159057,159057,,,,,,,,,,,,,
SZ159059,159059,,,,,,,,,,,,,
SZ159060,159060,,,,,,,,,,,,,
SZ159061,159061,,,,,,,,,,,,,
SZ159062,159062,,,,,,,,,,,,,
SZ159063,159063,,,,,,,,,,,,,
SZ159065,159065,,,,,,,,,,,,,
SZ159066,159066,,,,,,,,,,,,,
SZ159067,159067,,,,,,,,,,,,,
SZ159068,159068,,,,,,,,,,,,,
SZ159069,159069,,,,,,,,,,,,,
SZ159070,159070,,,,,,,,,,,,,
SZ159071,159071,,,,,,,,,,,,,
SZ159072,159072,,,,,,,,,,,,,
SZ159075,159075,,,,,,,,,,,,,
SZ159076,159076,,,,,,,,,,,,,
SZ159078,159078,,,,,,,,,,,,,
SZ159079,159079,,,,,,,,,,,,,
SZ159085,159085,,,,,,,,,,,,,
SZ159086,159086,,,,,,,,,,,,,
SZ159087,159087,,,,,,,,,,,,,
SZ159091,159091,,,,,,,,,,,,,
SZ159093,159093,,,,,,,,,,,,,
SZ159099,159099,,,,,,,,,,,,,
SZ159101,159101,,,,,,,,,,,,,
SZ159102,159102,,,,,,,,,,,,,
SZ159103,159103,,,,,,,,,,,,,
SZ159105,159105,,,,,,,,,,,,,
SZ159106,159106,,,,,,,,,,,,,
SZ159107,159107,,,,,,,,,,,,,
SZ159108,159108,,,,,,,,,,,,,
SZ159109,159109,,,,,,,,,,,,,
SZ159117,159117,,,,,,,,,,,,,
SZ159118,159118,,,,,,,,,,,,,
SZ159119,159119,,,,,,,,,,,,,
SZ159120,159120,,,,,,,,,,,,,
SZ159121,159121,,,,,,,,,,,,,
SZ159122,159122,,,,,,,,,,,,,
SZ159123,159123,,,,,,,,,,,,,
SZ159125,159125,,,,,,,,,,,,,
SZ159126,159126,,,,,,,,,,,,,
SZ159127,159127,,,,,,,,,,,,,
SZ159128,159128,,,,,,,,,,,,,
SZ159129,159129,,,,,,,,,,,,,
SZ159130,159130,,,,,,,,,,,,,
SZ159131,159131,,,,,,,,,,,,,
SZ159132,159132,,,,,,,,,,,,,
SZ159133,159133,,,,,,,,,,,,,
SZ159135,159135,,,,,,,,,,,,,
SZ159136,159136,,,,,,,,,,,,,
SZ159137,159137,,,,,,,,,,,,,
SZ159138,159138,,,,,,,,,,,,,
SZ159139,159139,,,,,,,,,,,,,
SZ159140,159140,,,,,,,,,,,,,
SZ159141,159141,,,,,,,,,,,,,
SZ159142,159142,,,,,,,,,,,,,
SZ159143,159143,,,,,,,,,,,,,
SZ159145,159145,,,,,,,,,,,,,
SZ159146,159146,,,,,,,,,,,,,
SZ159147,159147,,,,,,,,,,,,,
SZ159148,159148,,,,,,,,,,,,,
SZ159149,159149,,,,,,,,,,,,,
SZ159150,159150,,,,,,,,,,,,,
SZ159151,159151,,,,,,,,,,,,,
SZ159152,159152,,,,,,,,,,,,,
SZ159153,159153,,,,,,,,,,,,,
SZ159155,159155,,,,,,,,,,,,,
SZ159156,159156,,,,,,,,,,,,,
SZ159157,159157,,,,,,,,,,,,,
SZ159158,159158,,,,,,,,,,,,,
SZ159159,159159,,,,,,,,,,,,,
SZ159160,159160,,,,,,,,,,,,,
SZ159161,159161,,,,,,,,,,,,,
SZ159162,159162,,,,,,,,,,,,,
SZ159163,159163,,,,,,,,,,,,,
SZ159165,159165,,,,,,,,,,,,,
SZ159166,159166,,,,,,,,,,,,,
SZ159167,159167,,,,,,,,,,,,,
SZ159168,159168,,,,,,,,,,,,,
SZ159169,159169,,,,,,,,,,,,,
SZ159170,159170,,,,,,,,,,,,,
SZ159171,159171,,,,,,,,,,,,,
SZ159172,159172,,,,,,,,,,,,,
SZ159173,159173,,,,,,,,,,,,,
SZ159175,159175,,,,,,,,,,,,,
SZ159176,159176,,,,,,,,,,,,,
SZ159177,159177,,,,,,,,,,,,,
SZ159178,159178,,,,,,,,,,,,,
SZ159179,159179,,,,,,,,,,,,,
SZ159180,159180,,,,,,,,,,,,,
SZ159181,159181,,,,,,,,,,,,,
SZ159182,159182,,,,,,,,,,,,,
SZ159183,159183,,,,,,,,,,,,,
SZ159185,159185,,,,,,,,,,,,,
SZ159186,159186,,,,,,,,,,,,,
SZ159187,159187,,,,,,,,,,,,,
SZ159188,159188,,,,,,,,,,,,,
SZ159189,159189,,,,,,,,,,,,,
SZ159190,159190,,,,,,,,,,,,,
SZ159191,159191,,,,,,,,,,,,,
SZ159192,159192,,,,,,,,,,,,,
SZ159193,159193,,,,,,,,,,,,,
SZ159195,159195,,,,,,,,,,,,,
SZ159196,159196,,,,,,,,,,,,,
SZ159197,159197,,,,,,,,,,,,,
SZ159198,159198,,,,,,,,,,,,,
SZ159199,159199,,,,,,,,,,,,,
SZ159201,159201,,,,,,,,,,,,,
SZ159203,159203,,,,,,,,,,,,,
SZ159205,159205,,,,,,,,,,,,,
SZ159206,159206,,,,,,,,,,,,,
SZ159207,159207,,,,,,,,,,,,,
SZ159208,159208,,,,,,,,,,,,,
SZ159209,159209,,,,,,,,,,,,,
SZ159210,159210,,,,,,,,,,,,,
SZ159211,159211,,,,,,,,,,,,,
SZ159212,159212,,,,,,,,,,,,,
SZ159213,159213,,,,,,,,,,,,,
SZ159215,159215,,,,,,,,,,,,,
SZ159216,159216,,,,,,,,,,,,,
SZ159217,159217,,,,,,,,,,,,,
SZ159218,159218,,,,,,,,,,,,,
SZ159219,159219,,,,,,,,,,,,,
SZ159220,159220,,,,,,,,,,,,,
SZ159221,159221,,,,,,,,,,,,,
SZ159222,159222,,,,,,,,,,,,,
SZ159223,159223,,,,,,,,,,,,,
SZ159225,159225,,,,,,,,,,,,,
SZ159226,159226,,,,,,,,,,,,,
SZ159227,159227,,,,,,,,,,,,,
SZ159228,159228,,,,,,,,,,,,,
SZ159229,159229,,,,,,,,,,,,,
SZ159230,159230,,,,,,,,,,,,,
SZ159231,159231,,,,,,,,,,,,,
SZ159232,159232,,,,,,,,,,,,,
SZ159233,159233,,,,,,,,,,,,,
SZ159235,159235,,,,,,,,,,,,,
SZ159236,159236,,,,,,,,,,,,,
SZ159237,159237,,,,,,,,,,,,,
SZ159238,159238,,,,,,,,,,,,,
SZ159239,159239,,,,,,,,,,,,,
SZ159240,159240,,,,,,,,,,,,,
SZ159241,159241,,,,,,,,,,,,,
SZ159242,159242,,,,,,,,,,,,,
SZ159243,159243,,,,,,,,,,,,,
SZ159245,159245,,,,,,,,,,,,,
SZ159246,159246,,,,,,,,,,,,,
SZ159247,159247,,,,,,,,,,,,,
SZ159248,159248,,,,,,,,,,,,,
SZ159249,159249,,,,,,,,,,,,,
SZ159251,159251,,,,,,,,,,,,,
SZ159253,159253,,,,,,,,,,,,,
SZ159255,159255,,,,,,,,,,,,,
SZ159256,159256,,,,,,,,,,,,,
SZ159257,159257,,,,,,,,,,,,,
SZ159258,159258,,,,,,,,,,,,,
SZ159259,159259,,,,,,,,,,,,,
SZ159260,159260,,,,,,,,,,,,,
SZ159261,159261,,,,,,,,,,,,,
SZ159262,159262,,,,,,,,,,,,,
SZ159263,159263,,,,,,,,,,,,,
SZ159265,159265,,,,,,,,,,,,,
SZ159266,159266,,,,,,,,,,,,,
SZ159267,159267,,,,,,,,,,,,,
SZ159268,159268,,,,,,,,,,,,,
SZ159269,159269,,,,,,,,,,,,,
SZ159270,159270,,,,,,,,,,,,,
SZ159271,159271,,,,,,,,,,,,,
SZ159272,159272,,,,,,,,,,,,,
SZ159273,159273,,,,,,,,,,,,,
SZ159275,159275,,,,,,,,,,,,,
SZ159276,159276,,,,,,,,,,,,,
SZ159277,159277,,,,,,,,,,,,,
SZ159278,159278,,,,,,,,,,,,,
SZ159279,159279,,,,,,,,,,,,,
SZ159280,159280,,,,,,,,,,,,,
SZ159281,159281,,,,,,,,,,,,,
SZ159283,159283,,,,,,,,,,,,,
SZ159285,159285,,,,,,,,,,,,,
SZ159286,159286,,,,,,,,,,,,,
SZ159287,159287,,,,,,,,,,,,,
SZ159288,159288,,,,,,,,,,,,,
SZ159289,159289,,,,,,,,,,,,,
SZ159290,159290,,,,,,,,,,,,,
SZ159291,159291,,,,,,,,,,,,,
SZ159292,159292,,,,,,,,,,,,,
SZ159293,159293,,,,,,,,,,,,,
SZ159295,159295,,,,,,,,,,,,,
SZ159296,159296,,,,,,,,,,,,,
SZ159297,159297,,,,,,,,,,,,,
SZ159298,159298,,,,,,,,,,,,,
SZ159299,159299,,,,,,,,,,,,,
SZ159300,159300,,,,,,,,,,,,,
SZ159301,159301,,,,,,,,,,,,,
SZ159302,159302,,,,,,,,,,,,,
SZ159305,159305,,,,,,,,,,,,,
SZ159306,159306,,,,,,,,,,,,,
SZ159307,159307,,,,,,,,,,,,,
SZ159309,159309,,,,,,,,,,,,,
SZ159310,159310,,,,,,,,,,,,,
SZ159311,159311,,,,,,,,,,,,,
SZ159312,159312,,,,,,,,,,,,,
SZ159315,159315,,,,,,,,,,,,,
SZ159316,159316,,,,,,,,,,,,,
SZ159318,159318,,,,,,,,,,,,,
SZ159320,159320,,,,,,,,,,,,,
SZ159321,159321,,,,,,,,,,,,,
SZ159322,159322,,,,,,,,,,,,,
SZ159323,159323,,,,,,,,,,,,,
SZ159325,159325,,,,,,,,,,,,,
SZ159326,159326,,,,,,,,,,,,,
SZ159327,159327,,,,,,,,,,,,,
SZ159328,159328,,,,,,,,,,,,,
SZ159330,159330,,,,,,,,,,,,,
SZ159331,159331,,,,,,,,,,,,,
SZ159332,159332,,,,,,,,,,,,,
SZ159333,159333,,,,,,,,,,,,,
SZ159335,159335,,,,,,,,,,,,,
SZ159336,159336,,,,,,,,,,,,,
SZ159337,159337,,,,,,,,,,,,,
SZ159338,159338,,,,,,,,,,,,,
SZ159339,159339,,,,,,,,,,,,,
SZ159350,159350,,,,,,,,,,,,,
SZ159351,159351,,,,,,,,,,,,,
SZ159352,159352,,,,,,,,,,,,,
SZ159353,159353,,,,,,,,,,,,,
SZ159355,159355,,,,,,,,,,,,,
SZ159356,159356,,,,,,,,,,,,,
SZ159357,159357,,,,,,,,,,,,,
SZ159358,159358,,,,,,,,,,,,,
SZ159359,159359,,,,,,,,,,,,,
SZ159360,159360,,,,,,,,,,,,,
SZ159361,159361,,,,,,,,,,,,,
SZ159362,159362,,,,,,,,,,,,,
SZ159363,159363,,,,,,,,,,,,,
SZ159365,159365,,,,,,,,,,,,,
SZ159366,159366,,,,,,,,,,,,,
SZ159367,159367,,,,,,,,,,,,,
SZ159368,159368,,,,,,,,,,,,,
SZ159369,159369,,,,,,,,,,,,,
SZ159370,159370,,,,,,,,,,,,,
SZ159371,159371,,,,,,,,,,,,,
SZ159372,159372,,,,,,,,,,,,,
SZ159373,159373,,,,,,,,,,,,,
SZ159375,159375,,,,,,,,,,,,,
SZ159376,159376,,,,,,,,,,,,,
SZ159377,159377,,,,,,,,,,,,,
SZ159378,159378,,,,,,,,,,,,,
SZ159379,159379,,,,,,,,,,,,,
SZ159380,159380,,,,,,,,,,,,,
SZ159381,159381,,,,,,,,,,,,,
SZ159382,159382,,,,,,,,,,,,,
SZ159383,159383,,,,,,,,,,,,,
SZ159385,159385,,,,,,,,,,,,,
SZ159386,159386,,,,,,,,,,,,,
SZ159387,159387,,,,,,,,,,,,,
SZ159388,159388,,,,,,,,,,,,,
SZ159389,159389,,,,,,,,,,,,,
SZ159390,159390,,,,,,,,,,,,,
SZ159391,159391,,,,,,,,,,,,,
SZ159392,159392,,,,,,,,,,,,,
SZ159393,159393,,,,,,,,,,,,,
SZ159399,159399,,,,,,,,,,,,,
SZ159500,159500,,,,,,,,,,,,,
SZ159505,159505,,,,,,,,,,,,,
SZ159506,159506,,,,,,,,,,,,,
SZ159507,159507,,,,,,,,,,,,,
SZ159508,159508,,,,,,,,,,,,,
SZ159510,159510,,,,,,,,,,,,,
SZ159511,159511,,,,,,,,,,,,,
SZ159512,159512,,,,,,,,,,,,,
SZ159515,159515,,,,,,,,,,,,,
SZ159516,159516,,,,,,,,,,,,,
SZ159517,159517,,,,,,,,,,,,,
SZ159520,159520,,,,,,,,,,,,,
SZ159521,159521,,,,,,,,,,,,,
SZ159523,159523,,,,,,,,,,,,,
SZ159525,159525,,,,,,,,,,,,,
SZ159526,159526,,,,,,,,,,,,,
SZ159527,159527,,,,,,,,,,,,,
SZ159528,159528,,,,,,,,,,,,,
SZ159530,159530,,,,,,,,,,,,,
SZ159531,159531,,,,,,,,,,,,,
SZ159532,159532,,,,,,,,,,,,,
SZ159533,159533,,,,,,,,,,,,,
SZ159535,159535,,,,,,,,,,,,,
SZ159536,159536,,,,,,,,,,,,,
SZ159537,159537,,,,,,,,,,,,,
SZ159538,159538,,,,,,,,,,,,,
SZ159539,159539,,,,,,,,,,,,,
SZ159540,159540,,,,,,,,,,,,,
SZ159541,159541,,,,,,,,,,,,,
SZ159542,159542,,,,,,,,,,,,,
SZ159543,159543,,,,,,,,,,,,,
SZ159545,159545,,,,,,,,,,,,,
SZ159546,159546,,,,,,,,,,,,,
SZ159547,159547,,,,,,,,,,,,,
SZ159549,159549,,,,,,,,,,,,,
SZ159550,159550,,,,,,,,,,,,,
SZ159551,159551,,,,,,,,,,,,,
SZ159552,159552,,,,,,,,,,,,,
SZ159553,159553,,,,,,,,,,,,,
SZ159555,159555,,,,,,,,,,,,,
SZ159556,159556,,,,,,,,,,,,,
SZ159558,159558,,,,,,,,,,,,,
SZ159559,159559,,,,,,,,,,,,,
SZ159560,159560,,,,,,,,,,,,,
SZ159562,159562,,,,,,,,,,,,,
SZ159563,159563,,,,,,,,,,,,,
SZ159565,159565,,,,,,,,,,,,,
SZ159566,159566,,,,,,,,,,,,,
SZ159567,159567,,,,,,,,,,,,,
SZ159568,159568,,,,,,,,,,,,,
SZ159569,159569,,,,,,,,,,,,,
SZ159570,159570,,,,,,,,,,,,,
SZ159571,159571,,,,,,,,,,,,,
SZ159572,159572,,,,,,,,,,,,,
SZ159573,159573,,,,,,,,,,,,,
SZ159575,159575,,,,,,,,,,,,,
SZ159576,159576,,,,,,,,,,,,,
SZ159578,159578,,,,,,,,,,,,,
SZ159581,159581,,,,,,,,,,,,,
SZ159582,159582,,,,,,,,,,,,,
SZ159583,159583,,,,,,,,,,,,,
SZ159586,159586,,,,,,,,,,,,,
SZ159587,159587,,,,,,,,,,,,,
SZ159588,159588,,,,,,,,,,,,,
SZ159589,159589,,,,,,,,,,,,,
SZ159590,159590,,,,,,,,,,,,,
SZ159591,159591,,,,,,,,,,,,,
SZ159592,159592,,,,,,,,,,,,,
SZ159593,159593,,,,,,,,,,,,,
SZ159595,159595,,,,,,,,,,,,,
SZ159596,159596,,,,,,,,,,,,,
SZ159597,159597,,,,,,,,,,,,,
SZ159599,159599,,,,,,,,,,,,,
SZ159601,159601,,,,,,,,,,,,,
SZ159602,159602,,,,,,,,,,,,,
SZ159603,159603,,,,,,,,,,,,,
SZ159606,159606,,,,,,,,,,,,,
SZ159608,159608,,,,,,,,,,,,,
SZ159609,159609,,,,,,,,,,,,,
SZ159610,159610,,,,,,,,,,,,,
SZ159611,159611,,,,,,,,,,,,,
SZ159613,159613,,,,,,,,,,,,,
SZ159616,159616,,,,,,,,,,,,,
SZ159617,159617,,,,,,,,,,,,,
SZ159618,159618,,,,,,,,,,,,,
SZ159619,159619,,,,,,,,,,,,,
SZ159620,159620,,,,,,,,,,,,,
SZ159621,159621,,,,,,,,,,,,,
SZ159622,159622,,,,,,,,,,,,,
SZ159623,159623,,,,,,,,,,,,,
SZ159625,159625,,,,,,,,,,,,,
SZ159627,159627,,,,,,,,,,,,,
SZ159628,159628,,,,,,,,,,,,,
SZ159629,159629,,,,,,,,,,,,,
SZ159630,159630,,,,,,,,,,,,,
SZ159631,159631,,,,,,,,,,,,,
SZ159633,159633,,,,,,,,,,,,,
SZ159635,159635,,,,,,,,,,,,,
SZ159636,159636,,,,,,,,,,,,,
SZ159637,159637,,,,,,,,,,,,,
SZ159638,159638,,,,,,,,,,,,,
SZ159639,159639,,,,,,,,,,,,,
SZ159640,159640,,,,,,,,,,,,,
SZ159641,159641,,,,,,,,,,,,,
SZ159642,159642,,,,,,,,,,,,,
SZ159643,159643,,,,,,,,,,,,,
SZ159645,159645,,,,,,,,,,,,,
SZ159647,159647,,,,,,,,,,,,,
SZ159652,159652,,,,,,,,,,,,,
SZ159653,159653,,,,,,,,,,,,,
SZ159656,159656,,,,,,,,,,,,,
SZ159657,159657,,,,,,,,,,,,,
SZ159658,159658,,,,,,,,,,,,,
SZ159661,159661,,,,,,,,,,,,,
SZ159662,159662,,,,,,,,,,,,,
SZ159663,159663,,,,,,,,,,,,,
SZ159665,159665,,,,,,,,,,,,,
SZ159666,159666,,,,,,,,,,,,,
SZ159667,159667,,,,,,,,,,,,,
SZ159669,159669,,,,,,,,,,,,,
SZ159670,159670,,,,,,,,,,,,,
SZ159671,159671,,,,,,,,,,,,,
SZ159672,159672,,,,,,,,,,,,,
SZ159673,159673,,,,,,,,,,,,,
SZ159675,159675,,,,,,,,,,,,,
SZ159676,159676,,,,,,,,,,,,,
SZ159677,159677,,,,,,,,,,,,,
SZ159678,159678,,,,,,,,,,,,,
SZ159679,159679,,,,,,,,,,,,,
SZ159680,159680,,,,,,,,,,,,,
SZ159681,159681,,,,,,,,,,,,,
SZ159682,159682,,,,,,,,,,,,,
SZ159685,159685,,,,,,,,,,,,,
SZ159686,159686,,,,,,,,,,,,,
SZ159689,159689,,,,,,,,,,,,,
SZ159690,159690,,,,,,,,,,,,,
SZ159691,159691,,,,,,,,,,,,,
SZ159692,159692,,,,,,,,,,,,,
SZ159695,159695,,,,,,,,,,,,,
SZ159697,159697,,,,,,,,,,,,,
SZ159698,159698,,,,,,,,,,,,,
SZ159701,159701,,,,,,,,,,,,,
SZ159703,159703,,,,,,,,,,,,,
SZ159706,159706,,,,,,,,,,,,,
SZ159707,159707,,,,,,,,,,,,,
SZ159708,159708,,,,,,,,,,,,,
SZ159709,159709,,,,,,,,,,,,,
SZ159711,159711,,,,,,,,,,,,,
SZ159712,159712,,,,,,,,,,,,,
SZ159713,159713,,,,,,,,,,,,,
SZ159715,159715,,,,,,,,,,,,,
SZ159716,159716,,,,,,,,,,,,,
SZ159717,159717,,,,,,,,,,,,,
SZ159718,159718,,,,,,,,,,,,,
SZ159719,159719,,,,,,,,,,,,,
SZ159720,159720,,,,,,,,,,,,,
SZ159721,159721,,,,,,,,,,,,,
SZ159723,159723,,,,,,,,,,,,,
SZ159725,159725,,,,,,,,,,,,,
SZ159726,159726,,,,,,,,,,,,,
SZ159728,159728,,,,,,,,,,,,,
SZ159729,159729,,,,,,,,,,,,,
SZ159730,159730,,,,,,,,,,,,,
SZ159731,159731,,,,,,,,,,,,,
SZ159732,159732,,,,,,,,,,,,,
SZ159735,159735,,,,,,,,,,,,,
SZ159736,159736,,,,,,,,,,,,,
SZ159738,159738,,,,,,,,,,,,,
SZ159739,159739,,,,,,,,,,,,,
SZ159743,159743,,,,,,,,,,,,,
SZ159745,159745,,,,,,,,,,,,,
SZ159748,159748,,,,,,,,,,,,,
SZ159751,159751,,,,,,,,,,,,,
SZ159752,159752,,,,,,,,,,,,,
SZ159755,159755,,,,,,,,,,,,,
SZ159757,159757,,,,,,,,,,,,,
SZ159758,159758,,,,,,,,,,,,,
SZ159760,159760,,,,,,,,,,,,,
SZ159761,159761,,,,,,,,,,,,,
SZ159763,159763,,,,,,,,,,,,,
SZ159766,159766,,,,,,,,,,,,,
SZ159767,159767,,,,,,,,,,,,,
SZ159768,159768,,,,,,,,,,,,,
SZ159770,159770,,,,,,,,,,,,,
SZ159773,159773,,,,,,,,,,,,,
SZ159775,159775,,,,,,,,,,,,,
SZ159776,159776,,,,,,,,,,,,,
SZ159777,159777,,,,,,,,,,,,,
SZ159778,159778,,,,,,,,,,,,,
SZ159779,159779,,,,,,,,,,,,,
SZ159780,159780,,,,,,,,,,,,,
SZ159781,159781,,,,,,,,,,,,,
SZ159782,159782,,,,,,,,,,,,,
SZ159783,159783,,,,,,,,,,,,,
SZ159786,159786,,,,,,,,,,,,,
SZ159787,159787,,,,,,,,,,,,,
SZ159788,159788,,,,,,,,,,,,,
SZ159790,159790,,,,,,,,,,,,,
SZ159791,159791,,,,,,,,,,,,,
SZ159792,159792,,,,,,,,,,,,,
SZ159793,159793,,,,,,,,,,,,,
SZ159795,159795,,,,,,,,,,,,,
SZ159796,159796,,,,,,,,,,,,,
SZ159797,159797,,,,,,,,,,,,,
SZ159798,159798,,,,,,,,,,,,,
SZ159800,159800,,,,,,,,,,,,,
SZ159801,159801,,,,,,,,,,,,,
SZ159804,159804,,,,,,,,,,,,,
SZ159805,159805,,,,,,,,,,,,,
SZ159806,159806,,,,,,,,,,,,,
SZ159807,159807,,,,,,,,,,,,,
SZ159808,159808,,,,,,,,,,,,,
SZ159810,159810,,,,,,,,,,,,,
SZ159811,159811,,,,,,,,,,,,,
SZ159813,159813,,,,,,,,,,,,,
SZ159814,159814,,,,,,,,,,,,,
SZ159819,159819,,,,,,,,,,,,,
SZ159820,159820,,,,,,,,,,,,,
SZ159821,159821,,,,,,,,,,,,,
SZ159824,159824,,,,,,,,,,,,,
SZ159825,159825,,,,,,,,,,,,,
SZ159827,159827,,,,,,,,,,,,,
SZ159828,159828,,,,,,,,,,,,,
SZ159835,159835,,,,,,,,,,,,,
SZ159836,159836,,,,,,,,,,,,,
SZ159837,159837,,,,,,,,,,,,,
SZ159838,159838,,,,,,,,,,,,,
SZ159839,159839,,,,,,,,,,,,,
SZ159840,159840,,,,,,,,,,,,,
SZ159841,159841,,,,,,,,,,,,,
SZ159842,159842,,,,,,,,,,,,,
SZ159843,159843,,,,,,,,,,,,,
SZ159845,159845,,,,,,,,,,,,,
SZ159847,159847,,,,,,,,,,,,,
SZ159848,159848,,,,,,,,,,,,,
SZ159849,159849,,,,,,,,,,,,,
SZ159851,159851,,,,,,,,,,,,,
SZ159852,159852,,,,,,,,,,,,,
SZ159855,159855,,,,,,,,,,,,,
SZ159856,159856,,,,,,,,,,,,,
SZ159857,159857,,,,,,,,,,,,,
SZ159858,159858,,,,,,,,,,,,,
SZ159859,159859,,,,,,,,,,,,,
SZ159861,159861,,,,,,,,,,,,,
SZ159862,159862,,,,,,,,,,,,,
SZ159863,159863,,,,,,,,,,,,,
SZ159864,159864,,,,,,,,,,,,,
SZ159865,159865,,,,,,,,,,,,,
SZ159867,159867,,,,,,,,,,,,,
SZ159869,159869,,,,,,,,,,,,,
SZ159870,159870,,,,,,,,,,,,,
SZ159871,159871,,,,,,,,,,,,,
SZ159872,159872,,,,,,,,,,,,,
SZ159873,159873,,,,,,,,,,,,,
SZ159875,159875,,,,,,,,,,,,,
SZ159876,159876,,,,,,,,,,,,,
SZ159877,159877,,,,,,,,,,,,,
SZ159880,159880,,,,,,,,,,,,,
SZ159881,159881,,,,,,,,,,,,,
SZ159883,159883,,,,,,,,,,,,,
SZ159885,159885,,,,,,,,,,,,,
SZ159886,159886,,,,,,,,,,,,,
SZ159887,159887,,,,,,,,,,,,,
SZ159888,159888,,,,,,,,,,,,,
SZ159889,159889,,,,,,,,,,,,,
SZ159890,159890,,,,,,,,,,,,,
SZ159891,159891,,,,,,,,,,,,,
SZ159895,159895,,,,,,,,,,,,,
SZ159896,159896,,,,,,,,,,,,,
SZ159898,159898,,,,,,,,,,,,,
SZ159899,159899,,,,,,,,,,,,,
SZ159901,159901,,,,,,,,,,,,,
SZ159902,159902,,,,,,,,,,,,,
SZ159903,159903,,,,,,,,,,,,,
SZ159905,159905,,,,,,,,,,,,,
SZ159906,159906,,,,,,,,,,,,,
SZ159907,159907,,,,,,,,,,,,,
SZ159908,159908,,,,,,,,,,,,,
SZ159909,159909,,,,,,,,,,,,,
SZ159910,159910,,,,,,,,,,,,,
SZ159912,159912,,,,,,,,,,,,,
SZ159913,159913,,,,,,,,,,,,,
SZ159915,159915,,,,,,,,,,,,,
SZ159916,159916,,,,,,,,,,,,,
SZ159918,159918,,,,,,,,,,,,,
SZ159919,159919,,,,,,,,,,,,,
SZ159922,159922,,,,,,,,,,,,,
SZ159923,159923,,,,,,,,,,,,,
SZ159925,159925,,,,,,,,,,,,,
SZ159928,159928,,,,,,,,,,,,,
SZ159929,159929,,,,,,,,,,,,,
SZ159930,159930,,,,,,,,,,,,,
SZ159931,159931,,,,,,,,,,,,,
SZ159933,159933,,,,,,,,,,,,,
SZ159935,159935,,,,,,,,,,,,,
SZ159936,159936,,,,,,,,,,,,,
SZ159938,159938,,,,,,,,,,,,,
SZ159939,159939,,,,,,,,,,,,,
SZ159940,159940,,,,,,,,,,,,,
SZ159943,159943,,,,,,,,,,,,,
SZ159944,159944,,,,,,,,,,,,,
SZ159945,159945,,,,,,,,,,,,,
SZ159948,159948,,,,,,,,,,,,,
SZ159949,159949,,,,,,,,,,,,,
SZ159952,159952,,,,,,,,,,,,,
SZ159954,159954,,,,,,,,,,,,,
SZ159956,159956,,,,,,,,,,,,,
SZ159957,159957,,,,,,,,,,,,,
SZ159958,159958,,,,,,,,,,,,,
SZ159959,159959,,,,,,,,,,,,,
SZ159960,159960,,,,,,,,,,,,,
SZ159961,159961,,,,,,,,,,,,,
SZ159964,159964,,,,,,,,,,,,,
SZ159965,159965,,,,,,,,,,,,,
SZ159966,159966,,,,,,,,,,,,,
SZ159967,159967,,,,,,,,,,,,,
SZ159968,159968,,,,,,,,,,,,,
SZ159970,159970,,,,,,,,,,,,,
SZ159971,159971,,,,,,,,,,,,,
SZ159973,159973,,,,,,,,,,,,,
SZ159974,159974,,,,,,,,,,,,,
SZ159975,159975,,,,,,,,,,,,,
SZ159976,159976,,,,,,,,,,,,,
SZ159977,159977,,,,,,,,,,,,,
SZ159982,159982,,,,,,,,,,,,,
SZ159991,159991,,,,,,,,,,,,,
SZ159992,159992,,,,,,,,,,,,,
SZ159993,159993,,,,,,,,,,,,,
SZ159994,159994,,,,,,,,,,,,,
SZ159995,159995,,,,,,,,,,,,,
SZ159996,159996,,,,,,,,,,,,,
SZ159997,159997,,,,,,,,,,,,,
SZ159998,159998,,,,,,,,,,,,,
